table_name,league_id,league_name,season,classification,verify_row_count,allwin_row_count,match_ids_only_in_verify,match_ids_only_in_allwin,common_match_ids,row_count_delta,mismatch_row_count,mismatch_types,notes,representative_ids
dim_match,53,Ligue1,2020/2021,EXACT,380,380,0,0,380,0,0,,,
dim_match,53,Ligue1,2021/2022,EXACT,380,380,0,0,380,0,0,,,
dim_match,53,Ligue1,2022/2023,EXACT,380,380,0,0,380,0,0,,,
dim_match,53,Ligue1,2023/2024,EXACT,306,306,0,0,306,0,0,,,
dim_match,53,Ligue1,2024/2025,EXACT,306,306,0,0,306,0,0,,,
dim_match,53,Ligue1,2025/2026,EXACT,306,306,0,0,306,0,0,,,
dim_match,54,Bundesliga,2020/2021,EXACT,306,306,0,0,306,0,0,,,
dim_match,54,Bundesliga,2021/2022,EXACT,306,306,0,0,306,0,0,,,
dim_match,54,Bundesliga,2022/2023,EXACT,306,306,0,0,306,0,0,,,
dim_match,54,Bundesliga,2023/2024,EXACT,306,306,0,0,306,0,0,,,
dim_match,54,Bundesliga,2024/2025,EXACT,306,306,0,0,306,0,0,,,
dim_match,54,Bundesliga,2025/2026,EXACT,306,306,0,0,306,0,0,,,
dim_match,55,SerieA,2020/2021,EXACT,380,380,0,0,380,0,0,,,
dim_match,55,SerieA,2021/2022,EXACT,380,380,0,0,380,0,0,,,
dim_match,55,SerieA,2022/2023,EXACT,381,381,0,0,381,0,0,,,
dim_match,55,SerieA,2023/2024,EXACT,380,380,0,0,380,0,0,,,
dim_match,55,SerieA,2024/2025,EXACT,380,380,0,0,380,0,0,,,
dim_match,55,SerieA,2025/2026,EXACT,380,380,0,0,380,0,0,,,
dim_match,87,LaLiga,2020/2021,EXACT,380,380,0,0,380,0,0,,,
dim_match,87,LaLiga,2021/2022,EXACT,380,380,0,0,380,0,0,,,
dim_match,87,LaLiga,2022/2023,EXACT,380,380,0,0,380,0,0,,,
dim_match,87,LaLiga,2023/2024,EXACT,380,380,0,0,380,0,0,,,
dim_match,87,LaLiga,2024/2025,EXACT,380,380,0,0,380,0,0,,,
dim_match,87,LaLiga,2025/2026,EXACT,380,380,0,0,380,0,0,,,
dim_player,53,Ligue1,2020/2021,CONTENT_MISMATCH,605,606,0,0,605,4,4,ACCENT_NORMALIZATION_ONLY:3;TRULY_DIFFERENT_NAME:1,"orphan_in_verify_source(fact引用但连verify自己dim_player都没有)=79;name_blank_in_allwin=0;name_diff_breakdown={'ACCENT_NORMALIZATION_ONLY': 3, 'TRULY_DIFFERENT_NAME': 1}",1049999:ACCENT_NORMALIZATION_ONLY;1197030:ACCENT_NORMALIZATION_ONLY;448897:ACCENT_NORMALIZATION_ONLY;793255:TRULY_DIFFERENT_NAME
dim_player,53,Ligue1,2021/2022,CONTENT_MISMATCH,636,636,0,0,636,3,3,ACCENT_NORMALIZATION_ONLY:3,orphan_in_verify_source(fact引用但连verify自己dim_player都没有)=78;name_blank_in_allwin=0;name_diff_breakdown={'ACCENT_NORMALIZATION_ONLY': 3},1049999:ACCENT_NORMALIZATION_ONLY;1197030:ACCENT_NORMALIZATION_ONLY;448897:ACCENT_NORMALIZATION_ONLY
dim_player,53,Ligue1,2022/2023,CONTENT_MISMATCH,622,623,0,0,622,3,3,ACCENT_NORMALIZATION_ONLY:2;TRULY_DIFFERENT_NAME:1,"orphan_in_verify_source(fact引用但连verify自己dim_player都没有)=72;name_blank_in_allwin=0;name_diff_breakdown={'ACCENT_NORMALIZATION_ONLY': 2, 'TRULY_DIFFERENT_NAME': 1}",1049999:ACCENT_NORMALIZATION_ONLY;1197030:ACCENT_NORMALIZATION_ONLY;1460534:TRULY_DIFFERENT_NAME
dim_player,53,Ligue1,2023/2024,CONTENT_MISMATCH,574,574,0,0,574,3,3,ACCENT_NORMALIZATION_ONLY:2;TRULY_DIFFERENT_NAME:1,"orphan_in_verify_source(fact引用但连verify自己dim_player都没有)=59;name_blank_in_allwin=0;name_diff_breakdown={'ACCENT_NORMALIZATION_ONLY': 2, 'TRULY_DIFFERENT_NAME': 1}",1049999:ACCENT_NORMALIZATION_ONLY;1197030:ACCENT_NORMALIZATION_ONLY;1460534:TRULY_DIFFERENT_NAME
dim_player,53,Ligue1,2024/2025,EXACT,589,589,0,0,589,0,0,,orphan_in_verify_source(fact引用但连verify自己dim_player都没有)=62;name_blank_in_allwin=0;name_diff_breakdown={},1074982;1172163;1210649;1270037;1274032;1291293;1347785;1356327;1400913;1426808
dim_player,53,Ligue1,2025/2026,CONTENT_MISMATCH,575,575,0,0,575,1,1,ACCENT_NORMALIZATION_ONLY:1,orphan_in_verify_source(fact引用但连verify自己dim_player都没有)=91;name_blank_in_allwin=0;name_diff_breakdown={'ACCENT_NORMALIZATION_ONLY': 1},637746:ACCENT_NORMALIZATION_ONLY
dim_player,54,Bundesliga,2020/2021,CONTENT_MISMATCH,522,522,0,0,522,1,1,TRULY_DIFFERENT_NAME:1,orphan_in_verify_source(fact引用但连verify自己dim_player都没有)=43;name_blank_in_allwin=0;name_diff_breakdown={'TRULY_DIFFERENT_NAME': 1},1072864:TRULY_DIFFERENT_NAME
dim_player,54,Bundesliga,2021/2022,EXACT,541,541,0,0,541,0,0,,orphan_in_verify_source(fact引用但连verify自己dim_player都没有)=47;name_blank_in_allwin=0;name_diff_breakdown={},1050816;1072117;1073474;1073997;1073999;1125232;1174731;1175706;1179903;1183141
dim_player,54,Bundesliga,2022/2023,EXACT,546,546,0,0,546,0,0,,orphan_in_verify_source(fact引用但连verify自己dim_player都没有)=44;name_blank_in_allwin=0;name_diff_breakdown={},1000523;1146378;1171305;1173789;1185896;1194929;1211850;1229804;1236039;1236328
dim_player,54,Bundesliga,2023/2024,CONTENT_MISMATCH,523,524,0,0,523,1,1,ACCENT_NORMALIZATION_ONLY:1,orphan_in_verify_source(fact引用但连verify自己dim_player都没有)=46;name_blank_in_allwin=0;name_diff_breakdown={'ACCENT_NORMALIZATION_ONLY': 1},1197030:ACCENT_NORMALIZATION_ONLY
dim_player,54,Bundesliga,2024/2025,CONTENT_MISMATCH,516,516,0,0,516,2,2,ACCENT_NORMALIZATION_ONLY:2,orphan_in_verify_source(fact引用但连verify自己dim_player都没有)=52;name_blank_in_allwin=0;name_diff_breakdown={'ACCENT_NORMALIZATION_ONLY': 2},1197030:ACCENT_NORMALIZATION_ONLY;167008:ACCENT_NORMALIZATION_ONLY
dim_player,54,Bundesliga,2025/2026,CONTENT_MISMATCH,532,532,0,0,532,5,5,ACCENT_NORMALIZATION_ONLY:4;TRULY_DIFFERENT_NAME:1,"orphan_in_verify_source(fact引用但连verify自己dim_player都没有)=54;name_blank_in_allwin=0;name_diff_breakdown={'ACCENT_NORMALIZATION_ONLY': 4, 'TRULY_DIFFERENT_NAME': 1}",1025462:ACCENT_NORMALIZATION_ONLY;1047671:TRULY_DIFFERENT_NAME;167008:ACCENT_NORMALIZATION_ONLY;307317:ACCENT_NORMALIZATION_ONLY;860914:ACCENT_NORMALIZATION_ONLY
dim_player,55,SerieA,2020/2021,CONTENT_MISMATCH,639,640,0,0,639,2,2,TRULY_DIFFERENT_NAME:2,orphan_in_verify_source(fact引用但连verify自己dim_player都没有)=128;name_blank_in_allwin=0;name_diff_breakdown={'TRULY_DIFFERENT_NAME': 2},1052898:TRULY_DIFFERENT_NAME;768331:TRULY_DIFFERENT_NAME
dim_player,55,SerieA,2021/2022,CONTENT_MISMATCH,660,660,0,0,660,2,2,TRULY_DIFFERENT_NAME:2,orphan_in_verify_source(fact引用但连verify自己dim_player都没有)=113;name_blank_in_allwin=0;name_diff_breakdown={'TRULY_DIFFERENT_NAME': 2},1052898:TRULY_DIFFERENT_NAME;768331:TRULY_DIFFERENT_NAME
dim_player,55,SerieA,2022/2023,CONTENT_MISMATCH,641,641,0,0,641,2,2,TRULY_DIFFERENT_NAME:2,orphan_in_verify_source(fact引用但连verify自己dim_player都没有)=90;name_blank_in_allwin=0;name_diff_breakdown={'TRULY_DIFFERENT_NAME': 2},1052898:TRULY_DIFFERENT_NAME;768331:TRULY_DIFFERENT_NAME
dim_player,55,SerieA,2023/2024,CONTENT_MISMATCH,637,637,0,0,637,2,2,ACCENT_NORMALIZATION_ONLY:2,orphan_in_verify_source(fact引用但连verify自己dim_player都没有)=116;name_blank_in_allwin=0;name_diff_breakdown={'ACCENT_NORMALIZATION_ONLY': 2},1526689:ACCENT_NORMALIZATION_ONLY;823658:ACCENT_NORMALIZATION_ONLY
dim_player,55,SerieA,2024/2025,CONTENT_MISMATCH,648,648,0,0,648,3,3,ACCENT_NORMALIZATION_ONLY:3,orphan_in_verify_source(fact引用但连verify自己dim_player都没有)=116;name_blank_in_allwin=0;name_diff_breakdown={'ACCENT_NORMALIZATION_ONLY': 3},1049999:ACCENT_NORMALIZATION_ONLY;1526689:ACCENT_NORMALIZATION_ONLY;823658:ACCENT_NORMALIZATION_ONLY
dim_player,55,SerieA,2025/2026,CONTENT_MISMATCH,630,630,0,0,630,2,2,ACCENT_NORMALIZATION_ONLY:2,orphan_in_verify_source(fact引用但连verify自己dim_player都没有)=142;name_blank_in_allwin=0;name_diff_breakdown={'ACCENT_NORMALIZATION_ONLY': 2},1526689:ACCENT_NORMALIZATION_ONLY;823658:ACCENT_NORMALIZATION_ONLY
dim_player,87,LaLiga,2020/2021,CONTENT_MISMATCH,614,614,0,0,614,1,1,ACCENT_NORMALIZATION_ONLY:1,orphan_in_verify_source(fact引用但连verify自己dim_player都没有)=89;name_blank_in_allwin=0;name_diff_breakdown={'ACCENT_NORMALIZATION_ONLY': 1},1031325:ACCENT_NORMALIZATION_ONLY
dim_player,87,LaLiga,2021/2022,CONTENT_MISMATCH,661,661,0,0,661,3,3,ACCENT_NORMALIZATION_ONLY:1;TRULY_DIFFERENT_NAME:2,"orphan_in_verify_source(fact引用但连verify自己dim_player都没有)=86;name_blank_in_allwin=0;name_diff_breakdown={'ACCENT_NORMALIZATION_ONLY': 1, 'TRULY_DIFFERENT_NAME': 2}",1031325:ACCENT_NORMALIZATION_ONLY;531629:TRULY_DIFFERENT_NAME;793255:TRULY_DIFFERENT_NAME
dim_player,87,LaLiga,2022/2023,CONTENT_MISMATCH,637,637,0,0,637,4,4,ACCENT_NORMALIZATION_ONLY:2;TRULY_DIFFERENT_NAME:2,"orphan_in_verify_source(fact引用但连verify自己dim_player都没有)=76;name_blank_in_allwin=0;name_diff_breakdown={'ACCENT_NORMALIZATION_ONLY': 2, 'TRULY_DIFFERENT_NAME': 2}",1031325:ACCENT_NORMALIZATION_ONLY;1047671:TRULY_DIFFERENT_NAME;531629:TRULY_DIFFERENT_NAME;823658:ACCENT_NORMALIZATION_ONLY
dim_player,87,LaLiga,2023/2024,CONTENT_MISMATCH,642,642,0,0,642,2,2,ACCENT_NORMALIZATION_ONLY:1;TRULY_DIFFERENT_NAME:1,"orphan_in_verify_source(fact引用但连verify自己dim_player都没有)=82;name_blank_in_allwin=0;name_diff_breakdown={'ACCENT_NORMALIZATION_ONLY': 1, 'TRULY_DIFFERENT_NAME': 1}",1031325:ACCENT_NORMALIZATION_ONLY;531629:TRULY_DIFFERENT_NAME
dim_player,87,LaLiga,2024/2025,CONTENT_MISMATCH,635,635,0,0,635,4,4,ACCENT_NORMALIZATION_ONLY:3;TRULY_DIFFERENT_NAME:1,"orphan_in_verify_source(fact引用但连verify自己dim_player都没有)=102;name_blank_in_allwin=0;name_diff_breakdown={'ACCENT_NORMALIZATION_ONLY': 3, 'TRULY_DIFFERENT_NAME': 1}",1031325:ACCENT_NORMALIZATION_ONLY;1239595:ACCENT_NORMALIZATION_ONLY;531629:TRULY_DIFFERENT_NAME;798029:ACCENT_NORMALIZATION_ONLY
dim_player,87,LaLiga,2025/2026,CONTENT_MISMATCH,628,628,0,0,628,2,2,ACCENT_NORMALIZATION_ONLY:1;TRULY_DIFFERENT_NAME:1,"orphan_in_verify_source(fact引用但连verify自己dim_player都没有)=121;name_blank_in_allwin=0;name_diff_breakdown={'TRULY_DIFFERENT_NAME': 1, 'ACCENT_NORMALIZATION_ONLY': 1}",531629:TRULY_DIFFERENT_NAME;798029:ACCENT_NORMALIZATION_ONLY
fact_match_events,53,Ligue1,2020/2021,EXACT,7212,7212,0,0,380,0,0,,,
fact_match_events,53,Ligue1,2021/2022,EXACT,7340,7340,0,0,380,0,0,,,
fact_match_events,53,Ligue1,2022/2023,EXACT,7168,7168,0,0,380,0,0,,,
fact_match_events,53,Ligue1,2023/2024,EXACT,6050,6050,0,0,306,0,0,,,
fact_match_events,53,Ligue1,2024/2025,EXACT,6161,6161,0,0,306,0,0,,,
fact_match_events,53,Ligue1,2025/2026,EXACT,6078,6078,0,0,306,0,0,,,
fact_match_events,54,Bundesliga,2020/2021,EXACT,5779,5779,0,0,306,0,0,,,
fact_match_events,54,Bundesliga,2021/2022,EXACT,5904,5904,0,0,306,0,0,,,
fact_match_events,54,Bundesliga,2022/2023,EXACT,6274,6274,0,0,306,0,0,,,
fact_match_events,54,Bundesliga,2023/2024,EXACT,6418,6418,0,0,306,0,0,,,
fact_match_events,54,Bundesliga,2024/2025,EXACT,6291,6291,0,0,306,0,0,,,
fact_match_events,54,Bundesliga,2025/2026,EXACT,6342,6342,0,0,306,0,0,,,
fact_match_events,55,SerieA,2020/2021,EXACT,7635,7635,0,0,380,0,0,,,
fact_match_events,55,SerieA,2021/2022,EXACT,7820,7820,0,0,380,0,0,,,
fact_match_events,55,SerieA,2022/2023,EXACT,7888,7888,0,0,381,0,0,,,
fact_match_events,55,SerieA,2023/2024,EXACT,7893,7893,0,0,380,0,0,,,
fact_match_events,55,SerieA,2024/2025,EXACT,7680,7680,0,0,380,0,0,,,
fact_match_events,55,SerieA,2025/2026,EXACT,7612,7612,0,0,380,0,0,,,
fact_match_events,87,LaLiga,2020/2021,EXACT,7433,7433,0,0,380,0,0,,,
fact_match_events,87,LaLiga,2021/2022,EXACT,8013,8013,0,0,380,0,0,,,
fact_match_events,87,LaLiga,2022/2023,EXACT,8083,8083,0,0,380,0,0,,,
fact_match_events,87,LaLiga,2023/2024,EXACT,8073,8073,0,0,380,0,0,,,
fact_match_events,87,LaLiga,2024/2025,EXACT,7980,7980,0,0,380,0,0,,,
fact_match_events,87,LaLiga,2025/2026,EXACT,8024,8024,0,0,380,0,0,,,
fact_match_lineup,53,Ligue1,2020/2021,EXACT,15144,15144,0,0,380,0,0,,,
fact_match_lineup,53,Ligue1,2021/2022,EXACT,15091,15091,0,0,380,0,0,,,
fact_match_lineup,53,Ligue1,2022/2023,EXACT,15069,15069,0,0,380,0,0,,,
fact_match_lineup,53,Ligue1,2023/2024,EXACT,12225,12225,0,0,306,0,0,,,
fact_match_lineup,53,Ligue1,2024/2025,EXACT,12218,12218,0,0,306,0,0,,,
fact_match_lineup,53,Ligue1,2025/2026,EXACT,12205,12205,0,0,306,0,0,,,
fact_match_lineup,54,Bundesliga,2020/2021,EXACT,12157,12157,0,0,306,0,0,,,
fact_match_lineup,54,Bundesliga,2021/2022,EXACT,12125,12125,0,0,306,0,0,,,
fact_match_lineup,54,Bundesliga,2022/2023,EXACT,12169,12169,0,0,306,0,0,,,
fact_match_lineup,54,Bundesliga,2023/2024,EXACT,12152,12152,0,0,306,0,0,,,
fact_match_lineup,54,Bundesliga,2024/2025,EXACT,12208,12208,0,0,306,0,0,,,
fact_match_lineup,54,Bundesliga,2025/2026,EXACT,12218,12218,0,0,306,0,0,,,
fact_match_lineup,55,SerieA,2020/2021,EXACT,17066,17066,0,0,380,0,0,,,
fact_match_lineup,55,SerieA,2021/2022,EXACT,16925,16925,0,0,380,0,0,,,
fact_match_lineup,55,SerieA,2022/2023,EXACT,17875,17875,0,0,381,0,0,,,
fact_match_lineup,55,SerieA,2023/2024,EXACT,17692,17692,0,0,380,0,0,,,
fact_match_lineup,55,SerieA,2024/2025,EXACT,17689,17689,0,0,380,0,0,,,
fact_match_lineup,55,SerieA,2025/2026,EXACT,17772,17772,0,0,380,0,0,,,
fact_match_lineup,87,LaLiga,2020/2021,EXACT,16569,16569,0,0,380,0,0,,,
fact_match_lineup,87,LaLiga,2021/2022,EXACT,16762,16762,0,0,380,0,0,,,
fact_match_lineup,87,LaLiga,2022/2023,EXACT,16723,16723,0,0,380,0,0,,,
fact_match_lineup,87,LaLiga,2023/2024,EXACT,16685,16685,0,0,380,0,0,,,
fact_match_lineup,87,LaLiga,2024/2025,EXACT,16934,16934,0,0,380,0,0,,,
fact_match_lineup,87,LaLiga,2025/2026,EXACT,16941,16941,0,0,380,0,0,,,
fact_player_match_stats,53,Ligue1,2020/2021,EXACT,11498,11498,0,0,380,0,0,,,
fact_player_match_stats,53,Ligue1,2021/2022,EXACT,11527,11527,0,0,380,0,0,,,
fact_player_match_stats,53,Ligue1,2022/2023,EXACT,11541,11541,0,0,380,0,0,,,
fact_player_match_stats,53,Ligue1,2023/2024,EXACT,9392,9392,0,0,306,0,0,,,
fact_player_match_stats,53,Ligue1,2024/2025,EXACT,9413,9413,0,0,306,0,0,,,
fact_player_match_stats,53,Ligue1,2025/2026,EXACT,9408,9408,0,0,306,0,0,,,
fact_player_match_stats,54,Bundesliga,2020/2021,EXACT,9271,9271,0,0,306,0,0,,,
fact_player_match_stats,54,Bundesliga,2021/2022,EXACT,9391,9391,0,0,306,0,0,,,
fact_player_match_stats,54,Bundesliga,2022/2023,EXACT,9480,9480,0,0,306,0,0,,,
fact_player_match_stats,54,Bundesliga,2023/2024,EXACT,9526,9526,0,0,306,0,0,,,
fact_player_match_stats,54,Bundesliga,2024/2025,EXACT,9528,9528,0,0,306,0,0,,,
fact_player_match_stats,54,Bundesliga,2025/2026,EXACT,9555,9555,0,0,306,0,0,,,
fact_player_match_stats,55,SerieA,2020/2021,EXACT,11612,11612,0,0,380,0,0,,,
fact_player_match_stats,55,SerieA,2021/2022,EXACT,11717,11717,0,0,380,0,0,,,
fact_player_match_stats,55,SerieA,2022/2023,EXACT,11916,11916,0,0,381,0,0,,,
fact_player_match_stats,55,SerieA,2023/2024,EXACT,11910,11910,0,0,380,0,0,,,
fact_player_match_stats,55,SerieA,2024/2025,EXACT,11887,11887,0,0,380,0,0,,,
fact_player_match_stats,55,SerieA,2025/2026,EXACT,11928,11928,0,0,380,0,0,,,
fact_player_match_stats,87,LaLiga,2020/2021,EXACT,11607,11607,0,0,380,0,0,,,
fact_player_match_stats,87,LaLiga,2021/2022,EXACT,11806,11806,0,0,380,0,0,,,
fact_player_match_stats,87,LaLiga,2022/2023,EXACT,11801,11801,0,0,380,0,0,,,
fact_player_match_stats,87,LaLiga,2023/2024,EXACT,11854,11854,0,0,380,0,0,,,
fact_player_match_stats,87,LaLiga,2024/2025,EXACT,11900,11900,0,0,380,0,0,,,
fact_player_match_stats,87,LaLiga,2025/2026,EXACT,11953,11953,0,0,380,0,0,,,
fact_shotmap,53,Ligue1,2020/2021,EXACT,8899,8899,0,0,380,0,0,,,
fact_shotmap,53,Ligue1,2021/2022,EXACT,9152,9152,0,0,380,0,0,,,
fact_shotmap,53,Ligue1,2022/2023,EXACT,9350,9350,0,0,380,0,0,,,
fact_shotmap,53,Ligue1,2023/2024,EXACT,7797,7797,0,0,306,0,0,,,
fact_shotmap,53,Ligue1,2024/2025,EXACT,7655,7655,0,0,306,0,0,,,
fact_shotmap,53,Ligue1,2025/2026,EXACT,7618,7618,0,0,306,0,0,,,
fact_shotmap,54,Bundesliga,2020/2021,EXACT,7603,7603,0,0,306,0,0,,,
fact_shotmap,54,Bundesliga,2021/2022,EXACT,7961,7961,0,0,306,0,0,,,
fact_shotmap,54,Bundesliga,2022/2023,EXACT,7825,7825,0,0,306,0,0,,,
fact_shotmap,54,Bundesliga,2023/2024,EXACT,8523,8523,0,0,306,0,0,,,
fact_shotmap,54,Bundesliga,2024/2025,EXACT,7989,7989,0,0,306,0,0,,,
fact_shotmap,54,Bundesliga,2025/2026,EXACT,8130,8130,0,0,306,0,0,,,
fact_shotmap,55,SerieA,2020/2021,EXACT,9520,9520,0,0,380,0,0,,,
fact_shotmap,55,SerieA,2021/2022,EXACT,9939,9939,0,0,380,0,0,,,
fact_shotmap,55,SerieA,2022/2023,EXACT,9708,9708,0,0,381,0,0,,,
fact_shotmap,55,SerieA,2023/2024,EXACT,9724,9724,0,0,380,0,0,,,
fact_shotmap,55,SerieA,2024/2025,EXACT,9250,9250,0,0,380,0,0,,,
fact_shotmap,55,SerieA,2025/2026,EXACT,9381,9381,0,0,380,0,0,,,
fact_shotmap,87,LaLiga,2020/2021,EXACT,8132,8132,0,0,380,0,0,,,
fact_shotmap,87,LaLiga,2021/2022,EXACT,8982,8982,0,0,380,0,0,,,
fact_shotmap,87,LaLiga,2022/2023,EXACT,9392,9392,0,0,380,0,0,,,
fact_shotmap,87,LaLiga,2023/2024,EXACT,9335,9335,0,0,380,0,0,,,
fact_shotmap,87,LaLiga,2024/2025,EXACT,9065,9065,0,0,380,0,0,,,
fact_shotmap,87,LaLiga,2025/2026,EXACT,9510,9510,0,0,380,0,0,,,
fact_team_match_stats,53,Ligue1,2020/2021,EXACT,784,784,0,0,380,0,0,,,
fact_team_match_stats,53,Ligue1,2021/2022,EXACT,832,832,0,0,380,0,0,,,
fact_team_match_stats,53,Ligue1,2022/2023,EXACT,1196,1196,0,0,380,0,0,,,
fact_team_match_stats,53,Ligue1,2023/2024,EXACT,1832,1832,0,0,306,0,0,,,
fact_team_match_stats,53,Ligue1,2024/2025,EXACT,1836,1836,0,0,306,0,0,,,
fact_team_match_stats,53,Ligue1,2025/2026,EXACT,1834,1834,0,0,306,0,0,,,
fact_team_match_stats,54,Bundesliga,2020/2021,EXACT,636,636,0,0,306,0,0,,,
fact_team_match_stats,54,Bundesliga,2021/2022,EXACT,756,756,0,0,306,0,0,,,
fact_team_match_stats,54,Bundesliga,2022/2023,EXACT,964,964,0,0,306,0,0,,,
fact_team_match_stats,54,Bundesliga,2023/2024,EXACT,1836,1836,0,0,306,0,0,,,
fact_team_match_stats,54,Bundesliga,2024/2025,EXACT,1836,1836,0,0,306,0,0,,,
fact_team_match_stats,54,Bundesliga,2025/2026,EXACT,1836,1836,0,0,306,0,0,,,
fact_team_match_stats,55,SerieA,2020/2021,EXACT,792,792,0,0,380,0,0,,,
fact_team_match_stats,55,SerieA,2021/2022,EXACT,768,768,0,0,380,0,0,,,
fact_team_match_stats,55,SerieA,2022/2023,EXACT,1350,1350,0,0,381,0,0,,,
fact_team_match_stats,55,SerieA,2023/2024,EXACT,2280,2280,0,0,380,0,0,,,
fact_team_match_stats,55,SerieA,2024/2025,EXACT,2280,2280,0,0,380,0,0,,,
fact_team_match_stats,55,SerieA,2025/2026,EXACT,2280,2280,0,0,380,0,0,,,
fact_team_match_stats,87,LaLiga,2020/2021,EXACT,792,792,0,0,380,0,0,,,
fact_team_match_stats,87,LaLiga,2021/2022,EXACT,768,768,0,0,380,0,0,,,
fact_team_match_stats,87,LaLiga,2022/2023,EXACT,1320,1320,0,0,380,0,0,,,
fact_team_match_stats,87,LaLiga,2023/2024,EXACT,2276,2276,0,0,380,0,0,,,
fact_team_match_stats,87,LaLiga,2024/2025,EXACT,2280,2280,0,0,380,0,0,,,
fact_team_match_stats,87,LaLiga,2025/2026,EXACT,2280,2280,0,0,380,0,0,,,
